<metadata xml:lang="en"><Esri><CreaDate>20130221</CreaDate><CreaTime>15083200</CreaTime><ArcGISFormat>1.0</ArcGISFormat><SyncOnce>FALSE</SyncOnce><DataProperties><lineage><Process ToolSource="C:\ARCGIS10\Desktop10.0\ArcToolbox\Toolboxes\Data Management Tools.tbx\CalculateField" Date="20130221" Time="150832">CalculateField Link_Table_5min_GADM_GAUL_v02 SPAM_Test "SPAM Mismatch" VB #</Process><Process ToolSource="C:\ARCGIS10\Desktop10.0\ArcToolbox\Toolboxes\Data Management Tools.tbx\CalculateField" Date="20130221" Time="151628">CalculateField Link_Table_5min_GADM_GAUL_v02 SPAM_Test "SPAM-GAUL Mismatch" VB #</Process><Process ToolSource="C:\ARCGIS10\Desktop10.0\ArcToolbox\Toolboxes\Data Management Tools.tbx\CalculateField" Date="20130221" Time="151719">CalculateField Link_Table_5min_GADM_GAUL_v02 SPAM_Test "SPAM-GAUL Mismatch" VB #</Process><Process ToolSource="C:\ARCGIS10\Desktop10.0\ArcToolbox\Toolboxes\Data Management Tools.tbx\CalculateField" Date="20130221" Time="154939">CalculateField Link_Table_5min_GADM_GAUL_v02 SPAM_Test "SPAM-BOTH Mismatch" VB #</Process><Process ToolSource="C:\ARCGIS10\Desktop10.0\ArcToolbox\Toolboxes\Data Management Tools.tbx\CalculateField" Date="20130221" Time="155135">CalculateField Link_Table_5min_GADM_GAUL_v02 SPAM_Test "SPAM-GADM Mismatch" VB #</Process><Process ToolSource="C:\ARCGIS10\Desktop10.0\ArcToolbox\Toolboxes\Data Management Tools.tbx\CalculateField" Date="20130221" Time="155457">CalculateField Link_Table_5min_GADM_GAUL_v02 SPAM_Test Null VB #</Process><Process ToolSource="c:\arcgis10\desktop10.0\ArcToolbox\Toolboxes\Data Management Tools.tbx\Dissolve" Date="20130312" Time="144015">Dissolve Link_Table_5min_GADM_GAUL_v02 "E:\IFPRI\DATA\IMPACT Regions\April_2013_Update\EPTD_GRID.gdb\GADM_GAUL_v02_April2013_320FPUs" ISO281;New_FPU;New_Basin;New_Region;New_FPU_Code;NFPU_INT "GADM_Land_Area SUM" MULTI_PART DISSOLVE_LINES</Process><Process ToolSource="c:\arcgis10\desktop10.0\ArcToolbox\Toolboxes\Data Management Tools.tbx\Dissolve" Date="20130322" Time="153737">Dissolve GADM_GAUL_v02_April2013_320FPUs "S:\IMPACT Basin Boundaries\April_2013_FPU_Update\April_2013_IMPACT_Regions.shp" New_Region "SUM_GADM_Land_Area SUM" MULTI_PART DISSOLVE_LINES</Process></lineage><itemProps><itemName Sync="TRUE">April_2013_IMPACT_Regions</itemName><imsContentType Sync="TRUE">002</imsContentType><itemLocation><linkage Sync="TRUE">file://\\FS1\user\EPT\shared\IMPACT Basin Boundaries\April_2013_FPU_Update\April_2013_IMPACT_Regions.shp</linkage><protocol Sync="TRUE">Local Area Network</protocol></itemLocation><itemSize Sync="TRUE">0.000</itemSize></itemProps><coordRef><type Sync="TRUE">Geographic</type><geogcsn Sync="TRUE">GCS_WGS_1984</geogcsn><csUnits Sync="TRUE">Angular Unit: Degree (0.017453)</csUnits><peXml Sync="TRUE">&lt;GeographicCoordinateSystem xsi:type='typens:GeographicCoordinateSystem' xmlns:xsi='http://www.w3.org/2001/XMLSchema-instance' xmlns:xs='http://www.w3.org/2001/XMLSchema' xmlns:typens='http://www.esri.com/schemas/ArcGIS/10.0'&gt;&lt;WKT&gt;GEOGCS[&amp;quot;GCS_WGS_1984&amp;quot;,DATUM[&amp;quot;D_WGS_1984&amp;quot;,SPHEROID[&amp;quot;WGS_1984&amp;quot;,6378137.0,298.257223563]],PRIMEM[&amp;quot;Greenwich&amp;quot;,0.0],UNIT[&amp;quot;Degree&amp;quot;,0.0174532925199433],AUTHORITY[&amp;quot;EPSG&amp;quot;,4326]]&lt;/WKT&gt;&lt;XOrigin&gt;-399.99999999999989&lt;/XOrigin&gt;&lt;YOrigin&gt;-399.99999999999989&lt;/YOrigin&gt;&lt;XYScale&gt;11258999068426.24&lt;/XYScale&gt;&lt;ZOrigin&gt;-100000&lt;/ZOrigin&gt;&lt;ZScale&gt;10000&lt;/ZScale&gt;&lt;MOrigin&gt;-100000&lt;/MOrigin&gt;&lt;MScale&gt;10000&lt;/MScale&gt;&lt;XYTolerance&gt;8.9831528411952133e-009&lt;/XYTolerance&gt;&lt;ZTolerance&gt;0.001&lt;/ZTolerance&gt;&lt;MTolerance&gt;0.001&lt;/MTolerance&gt;&lt;HighPrecision&gt;true&lt;/HighPrecision&gt;&lt;LeftLongitude&gt;-180&lt;/LeftLongitude&gt;&lt;WKID&gt;4326&lt;/WKID&gt;&lt;/GeographicCoordinateSystem&gt;</peXml></coordRef></DataProperties><SyncDate>20130322</SyncDate><SyncTime>15373500</SyncTime><ModDate>20130322</ModDate><ModTime>15373500</ModTime></Esri><dataIdInfo><envirDesc Sync="TRUE">Microsoft Windows 7 Version 6.1 (Build 7601) Service Pack 1; ESRI ArcGIS 10.0.5.4400</envirDesc><dataLang><languageCode value="eng" Sync="TRUE"></languageCode><countryCode value="USA" Sync="TRUE"></countryCode></dataLang><idCitation><resTitle Sync="TRUE">April_2013_IMPACT_Regions</resTitle><presForm><PresFormCd value="005" Sync="TRUE"></PresFormCd></presForm></idCitation><spatRpType><SpatRepTypCd value="001" Sync="TRUE"></SpatRepTypCd></spatRpType></dataIdInfo><mdLang><languageCode value="eng" Sync="TRUE"></languageCode><countryCode value="USA" Sync="TRUE"></countryCode></mdLang><distInfo><distFormat><formatName Sync="TRUE">Shapefile</formatName></distFormat><distTranOps><transSize Sync="TRUE">0.000</transSize></distTranOps></distInfo><mdHrLv><ScopeCd value="005" Sync="TRUE"></ScopeCd></mdHrLv><mdHrLvName Sync="TRUE">dataset</mdHrLvName><refSysInfo><RefSystem><refSysID><identCode code="4326" Sync="TRUE" value="4326"></identCode><idCodeSpace Sync="TRUE">EPSG</idCodeSpace><idVersion Sync="TRUE">7.4.1</idVersion></refSysID></RefSystem></refSysInfo><spatRepInfo><VectSpatRep><geometObjs Name="April_2013_IMPACT_Regions"><geoObjTyp><GeoObjTypCd value="002" Sync="TRUE"></GeoObjTypCd></geoObjTyp><geoObjCnt Sync="TRUE">0</geoObjCnt></geometObjs><topLvl><TopoLevCd value="001" Sync="TRUE"></TopoLevCd></topLvl></VectSpatRep></spatRepInfo><spdoinfo><ptvctinf><esriterm><efeatyp Sync="TRUE">Simple</efeatyp><efeageom code="4" Sync="TRUE"></efeageom><esritopo Sync="TRUE">FALSE</esritopo><efeacnt Sync="TRUE">0</efeacnt><spindex Sync="TRUE">FALSE</spindex><linrefer Sync="TRUE">FALSE</linrefer></esriterm></ptvctinf></spdoinfo><eainfo><detailed Name="April_2013_IMPACT_Regions"><enttyp><enttypl Sync="TRUE">April_2013_IMPACT_Regions</enttypl><enttypt Sync="TRUE">Feature Class</enttypt><enttypc Sync="TRUE">0</enttypc></enttyp><attr><attrlabl Sync="TRUE">FID</attrlabl><attalias Sync="TRUE">FID</attalias><attrtype Sync="TRUE">OID</attrtype><attwidth Sync="TRUE">4</attwidth><atprecis Sync="TRUE">0</atprecis><attscale Sync="TRUE">0</attscale><attrdef Sync="TRUE">Internal feature number.</attrdef><attrdefs Sync="TRUE">ESRI</attrdefs><attrdomv><udom Sync="TRUE">Sequential unique whole numbers that are automatically generated.</udom></attrdomv></attr><attr><attrlabl Sync="TRUE">Shape</attrlabl><attalias Sync="TRUE">Shape</attalias><attrtype Sync="TRUE">Geometry</attrtype><attwidth Sync="TRUE">0</attwidth><atprecis Sync="TRUE">0</atprecis><attscale Sync="TRUE">0</attscale><attrdef Sync="TRUE">Feature geometry.</attrdef><attrdefs Sync="TRUE">ESRI</attrdefs><attrdomv><udom Sync="TRUE">Coordinates defining the features.</udom></attrdomv></attr><attr><attrlabl Sync="TRUE">New_Region</attrlabl><attalias Sync="TRUE">New_Region</attalias><attrtype Sync="TRUE">String</attrtype><attwidth Sync="TRUE">254</attwidth><atprecis Sync="TRUE">0</atprecis><attscale Sync="TRUE">0</attscale></attr><attr><attrlabl Sync="TRUE">SUM_SUM_GA</attrlabl><attalias Sync="TRUE">SUM_SUM_GA</attalias><attrtype Sync="TRUE">Double</attrtype><attwidth Sync="TRUE">19</attwidth><atprecis Sync="TRUE">0</atprecis><attscale Sync="TRUE">0</attscale></attr></detailed></eainfo><mdDateSt Sync="TRUE">20130322</mdDateSt></metadata>
